{"cameraMode":{"drawMode":0,"name":"Shaded","section":"Shading Mode"},"sceneLighting":false,"audioPlay":false,"sceneViewState":{"showFog":true,"showMaterialUpdate":false,"showSkybox":true,"showFlares":true,"showImageEffects":true,"showParticleSystems":true},"in2DMode":false,"pivot":{"x":1.9991713762283326,"y":1.0,"z":15.680935859680176},"rotation":{"x":0.025478104129433633,"y":0.8788435459136963,"z":0.04723087325692177,"w":-0.47408246994018557},"size":5.8442463874816898,"orthographic":false}