{"cameraMode":{"drawMode":0,"name":"Shaded","section":"Shading Mode"},"sceneLighting":false,"audioPlay":false,"sceneViewState":{"showFog":true,"showMaterialUpdate":false,"showSkybox":true,"showFlares":true,"showImageEffects":true,"showParticleSystems":true},"in2DMode":false,"pivot":{"x":4.769999980926514,"y":1.6037449836730958,"z":1.7127466201782227},"rotation":{"x":-0.46470141410827639,"y":0.006124433130025864,"z":-0.0032105480786412956,"w":-0.885440468788147},"size":2.8578836917877199,"orthographic":false}