{"cameraMode":{"drawMode":0,"name":"Shaded","section":"Shading Mode"},"sceneLighting":false,"audioPlay":false,"sceneViewState":{"showFog":true,"showMaterialUpdate":false,"showSkybox":true,"showFlares":true,"showImageEffects":true,"showParticleSystems":true},"in2DMode":false,"pivot":{"x":0.0,"y":0.3440000116825104,"z":1.391355276107788},"rotation":{"x":-0.12065766006708145,"y":0.8686965107917786,"z":-0.25904804468154909,"w":-0.40460148453712466},"size":1.7896391153335572,"orthographic":false}