{"cameraMode":{"drawMode":0,"name":"Shaded","section":"Shading Mode"},"sceneLighting":false,"audioPlay":false,"sceneViewState":{"showFog":true,"showMaterialUpdate":false,"showSkybox":true,"showFlares":true,"showImageEffects":true,"showParticleSystems":true},"in2DMode":false,"pivot":{"x":4.769999980926514,"y":1.6037449836730958,"z":1.7127466201782227},"rotation":{"x":-0.2212478518486023,"y":-0.39611998200416567,"z":0.09896199405193329,"w":-0.8856324553489685},"size":2.8578836917877199,"orthographic":false}