{"cameraMode":{"drawMode":0,"name":"Shaded","section":"Shading Mode"},"sceneLighting":false,"audioPlay":false,"sceneViewState":{"showFog":true,"showMaterialUpdate":false,"showSkybox":true,"showFlares":true,"showImageEffects":true,"showParticleSystems":true},"in2DMode":false,"pivot":{"x":0.0,"y":0.3440000116825104,"z":1.391355276107788},"rotation":{"x":-0.013248702511191368,"y":0.9867541790008545,"z":-0.11478938162326813,"w":-0.11386016011238098},"size":1.7896391153335572,"orthographic":false}