{"cameraMode":{"drawMode":0,"name":"Shaded","section":"Shading Mode"},"sceneLighting":false,"audioPlay":false,"sceneViewState":{"showFog":true,"showMaterialUpdate":false,"showSkybox":true,"showFlares":true,"showImageEffects":true,"showParticleSystems":true},"in2DMode":false,"pivot":{"x":4.769999980926514,"y":1.6037449836730958,"z":1.7127466201782227},"rotation":{"x":-0.239243745803833,"y":0.11417768150568009,"z":-0.02833869494497776,"w":-0.9638064503669739},"size":2.8578836917877199,"orthographic":false}