{"cameraMode":{"drawMode":0,"name":"Shaded","section":"Shading Mode"},"sceneLighting":false,"audioPlay":false,"sceneViewState":{"showFog":true,"showMaterialUpdate":false,"showSkybox":true,"showFlares":true,"showImageEffects":true,"showParticleSystems":true},"in2DMode":false,"pivot":{"x":2.0086488723754885,"y":0.9290313720703125,"z":16.69068145751953},"rotation":{"x":-0.13336771726608277,"y":0.5224219560623169,"z":-0.0831310972571373,"w":-0.8380797505378723},"size":5.3147807121276859,"orthographic":false}