{"cameraMode":{"drawMode":0,"name":"Shaded","section":"Shading Mode"},"sceneLighting":false,"audioPlay":false,"sceneViewState":{"showFog":true,"showMaterialUpdate":false,"showSkybox":true,"showFlares":true,"showImageEffects":true,"showParticleSystems":true},"in2DMode":false,"pivot":{"x":170.70462036132813,"y":150.1773681640625,"z":4.764232635498047},"rotation":{"x":-0.46470141410827639,"y":0.006124433130025864,"z":-0.0032105480786412956,"w":-0.885440468788147},"size":4.5970778465271,"orthographic":false}