{"cameraMode":{"drawMode":0,"name":"Shaded","section":"Shading Mode"},"sceneLighting":false,"audioPlay":false,"sceneViewState":{"showFog":true,"showMaterialUpdate":false,"showSkybox":true,"showFlares":true,"showImageEffects":true,"showParticleSystems":true},"in2DMode":false,"pivot":{"x":-0.0008286237716674805,"y":0.08160022646188736,"z":0.8177604675292969},"rotation":{"x":-0.46470141410827639,"y":0.006124433130025864,"z":-0.0032105480786412956,"w":-0.885440468788147},"size":4.597074508666992,"orthographic":false}