{"cameraMode":{"drawMode":0,"name":"Shaded","section":"Shading Mode"},"sceneLighting":false,"audioPlay":false,"sceneViewState":{"showFog":true,"showMaterialUpdate":false,"showSkybox":true,"showFlares":true,"showImageEffects":true,"showParticleSystems":true},"in2DMode":false,"pivot":{"x":4.769999980926514,"y":1.6037449836730958,"z":1.7127466201782227},"rotation":{"x":-0.13336771726608277,"y":0.5224219560623169,"z":-0.0831310972571373,"w":-0.8380797505378723},"size":2.8578836917877199,"orthographic":false}