{"cameraMode":{"drawMode":0,"name":"Shaded","section":"Shading Mode"},"sceneLighting":false,"audioPlay":false,"sceneViewState":{"showFog":true,"showMaterialUpdate":false,"showSkybox":false,"showFlares":true,"showImageEffects":true,"showParticleSystems":true},"in2DMode":false,"pivot":{"x":2.0037055015563967,"y":1.0,"z":0.6840015053749085},"rotation":{"x":-0.4312494099140167,"y":0.12170619517564774,"z":-0.05883723497390747,"w":-0.8920497298240662},"size":5.8607635498046879,"orthographic":false}